id,Produto,Quantidade,Preço,Data
1,Notebook Gamer,5,7999.0,21/10/2024
2,Fone Bluetooth,12,299.9,15/10/2024
3,Smartwatch,8,1299.0,19/10/2024
4,"Monitor Ultrawide 34,3,2499.0,10/10/2024
5,Teclado Mecânico RGB,10,499.9,13/10/2024
6,SSD NVMe 1TB,7,749.9,18/10/2024
7,Placa de Vídeo RTX 4070,2,4599.0,20/10/2024
8,Mouse Gamer,15,199.9,14/10/2024
9,Caixa de Som Bluetooth,6,399.9,12/10/2024
10,Drone DJI Mini 2,1,3999.0,17/10/2024
11,Hub USB-C 8 portas,13,159.9,08/10/2024
12,Carregador Turbo 65W,18,189.9,07/10/2024
13,Câmera de Ação 4K,3,999.0,22/09/2024
14,Impressora Multifuncional,4,1099.0,01/10/2024
15,Tablet Android,9,1499.0,05/10/2024
16,Echo Dot (Alexa),10,349.9,11/10/2024
17,Headset Gamer,8,699.9,09/10/2024
18,Processador Intel i9,2,3499.0,14/10/2024
19,Roteador Mesh Dual-Band,5,699.9,03/10/2024
20,AirPods Pro,6,1999.0,16/10/2024
21,Webcam Full HD,7,249.9,20/09/2024
22,Placa-Mãe ATX,3,1099.0,18/09/2024
23,Pen Drive 128GB,20,79.9,02/10/2024
24,Powerbank 20.000mAh,12,159.9,06/10/2024
25,Caixa Térmica para Notebook,2,139.9,19/09/2024
26,GPU AMD Radeon RX 6700 XT,2,3899.0,10/09/2024
27,Teclado Wireless,8,229.9,08/10/2024
28,Adaptador HDMI para VGA,15,49.9,13/09/2024
29,Ventilador para Notebook,10,129.9,12/09/2024
30,Notebook 2 em 1,4,3599.0,05/09/2024
31,Suporte Ergonômico,11,119.9,03/09/2024
32,Relógio Digital Inteligente,9,899.0,27/09/2024
33,Kit de Cabos USB,30,99.9,20/09/2024
34,Dock Station USB-C,5,379.9,02/10/2024
35,Headset Bluetooth,7,349.9,28/09/2024
36,Memória RAM 16GB DDR5,4,799.0,21/09/2024
37,Scanner Portátil,3,1299.0,14/09/2024
38,Impressora 3D,1,2999.0,11/09/2024
39,Alto-Falante Inteligente,8,429.9,24/09/2024
40,Adaptador Ethernet USB,10,89.9,18/09/2024
41,SSD Externo 512GB,6,499.0,29/09/2024
42,Switch Gigabit,5,299.9,25/09/2024
43,Microfone Condensador USB,2,599.0,12/10/2024
44,Óculos VR,3,2399.0,10/10/2024
45,Hub HDMI 4 portas,9,129.9,13/10/2024
46,"Smart TV 55"" 4K",1,4299.0,01/10/2024
47,Câmera IP Wi-Fi,10,199.9,09/09/2024
48,Leitor de Cartões,8,89.9,14/09/2024
49,Fita LED RGB para PC,12,159.9,18/09/2024
50,Impressora Laser,2,1799.0,07/10/2024
51,Projetor Portátil,2,2599.0,11/09/2024
52,Modem 5G,3,1399.0,15/09/2024
53,Tablet Gráfico,7,899.0,21/09/2024
54,Antena Digital Interna,15,49.9,08/09/2024
55,HD Externo 2TB,4,499.9,17/09/2024
56,Controle para PC,8,199.9,23/09/2024
57,Extensor de Sinal Wi-Fi,12,139.9,06/09/2024
58,Joystick Bluetooth,6,299.0,22/09/2024
59,Webcam 4K,3,549.9,26/09/2024
60,"Monitor Full HD 24""",5,1299.0,12/10/2024
61,Estabilizador de Energia,4,399.9,29/09/2024
62,Placa de Som USB,7,89.9,28/09/2024
63,Placa Captura HDMI,3,999.0,30/09/2024
64,Kit de Ferramentas para PC,10,129.9,14/09/2024
65,Fonte ATX 750W,2,599.9,05/09/2024
66,Switch HDMI,9,109.9,23/09/2024
