id,Produto,Quantidade,Preço (R$),Data
1,Arroz 5kg,1,22.90,2024-10-22
2,Feijão Preto 1kg,2,9.80,2024-10-22
3,Açúcar Refinado 1kg,1,4.50,2024-10-22
4,Leite Integral 1L,4,5.29,2024-10-22
5,Óleo de Soja 900ml,2,7.99,2024-10-22
6,Café Moído 500g,1,13.20,2024-10-22
7,Farinha de Trigo 1kg,2,5.80,2024-10-22
8,Manteiga 200g,1,14.50,2024-10-22
9,Pão de Forma,1,8.99,2024-10-22
10,Ovos (dúzia),1,11.49,2024-10-22
11,Iogurte Natural 170g,6,3.99,2024-10-22
12,Queijo Mussarela 500g,1,27.90,2024-10-22
13,Presunto Fatiado 200g,1,10.80,2024-10-22
14,Macarrão Espaguete 1kg,2,6.50,2024-10-22
15,Molho de Tomate 340g,3,3.20,2024-10-22
16,Sal Refinado 1kg,1,2.89,2024-10-22
17,Alho 100g,2,4.99,2024-10-22
18,Cebola 1kg,1,7.90,2024-10-22
19,Tomate 1kg,2,9.30,2024-10-22
20,Cenoura 1kg,1,5.60,2024-10-22
21,Batata 2kg,1,9.50,2024-10-22
22,Maçã 1kg,3,7.80,2024-10-22
23,Banana 1kg,2,6.30,2024-10-22
24,Laranja 1kg,2,4.20,2024-10-22
25,Detergente 500ml,5,2.39,2024-10-22
26,Sabão em Pó 1kg,1,12.50,2024-10-22
27,Amaciante 2L,1,15.90,2024-10-22
28,Shampoo 400ml,2,19.99,2024-10-22
29,Condicionador 400ml,2,19.99,2024-10-22
30,Creme Dental 90g,3,7.99,2024-10-22
31,Papel Higiênico 12 rolos,1,18.50,2024-10-22
32,Frango Inteiro 2kg,1,24.90,2024-10-22
33,Carne Moída 1kg,1,35.90,2024-10-22
34,Bife de Alcatra 1kg,1,42.90,2024-10-22
35,Salsicha 500g,2,9.80,2024-10-22
36,Peito de Peru 200g,1,15.20,2024-10-22
37,Pizza Congelada,2,22.50,2024-10-22
38,Lasanha Congelada,1,19.90,2024-10-22
39,Ervilha Lata 200g,3,4.50,2024-10-22
40,Milho Lata 200g,2,3.90,2024-10-22
41,Azeitona 300g,1,12.00,2024-10-22
42,Sorvete 2L,1,27.90,2024-10-22
43,Chocolate 100g,4,5.99,2024-10-22
44,Biscoito Recheado 140g,5,3.50,2024-10-22
45,Água Mineral 1,5L,6,2.20,2024-10-22
46,Refrigerante 2L,3,8.99,2024-10-22
47,Cerveja Lata 350ml,12,2.99,2024-10-22
48,Vinho Tinto 750ml,1,45.00,2024-10-22
49,Vinagre de Maçã 500ml,1,4.99,2024-10-22
50,Molho Shoyu 150ml,2,6.50,2024-10-22
51,Ketchup 380g,1,9.50,2024-10-22
52,Mostarda 200g,1,7.80,2024-10-22
53,Suco de Uva 1L,3,11.99,2024-10-22
54,Achocolatado 400g,1,12.80,2024-10-22
55,Cereal Matinal 300g,2,16.50,2024-10-22
56,Granola 1kg,1,24.90,2024-10-22
57,Margarina 500g,1,7.99,2024-10-22
58,Cream Cheese 150g,2,11.50,2024-10-22
59,Requeijão 200g,2,8.90,2024-10-22
60,Hambúrguer Congelado,1,17.50,2024-10-22
61,Nuggets 300g,2,14.90,2024-10-22
62,Patê de Atum 170g,1,9.80,2024-10-22
63,Batata Palha 120g,3,7.80,2024-10-22
64,Tempero Completo 300g,2,5.99,2024-10-22
65,Chá Verde 200ml,5,3.99,2024-10-22
66,Energético 250ml,2,8.99,2024-10-22
